kappa,iters,conv,eta
2,37,True,0.3333333333333333
10,186,True,0.06666666666666667
100,1558,True,0.006666666666666667
